,
,TERMS OF USE
,
,"
Welcome to ProductivePenguinCo.

By purchasing or downloading any digital products (""Products"") from us, you agree to the following Terms of Use (""Terms""). If you do not agree, please refrain from purchasing or using our Products and request a refund immediately.

1. License to Use Products
When you purchase or download our Products, we grant you a non-exclusive, non-transferable license to use them for personal purposes only. You may not:
 - Resell, redistribute, sublicense, or otherwise make the Products available for commercial purposes.
 - Modify, adapt, reverse engineer, or create derivative works based on the Products without our written consent.
 - Use the Products in a manner that competes with ProductivePenguinCo or violates any intellectual property rights.

Violating these terms will result in immediate termination of the license and potential legal action.

2. Intellectual Property
All Products are owned by ProductivePenguinCo and are protected by copyright and other intellectual property laws. You are granted only a license to use the Products as specified in these Terms.

3. No Financial or Professional Advice
Our Products are for personal use only and are not intended as financial, legal, or professional advice. We do not guarantee any outcomes from using our Products. For professional advice, consult a qualified expert.

4. Disclaimers and Limitation of Liability
 - No Warranty: Our Products are provided ""as is,"" and we make no warranties regarding their accuracy or fitness for a specific purpose.
 - Limitation of Liability: ProductivePenguinCo is not liable for any direct, indirect, incidental, or consequential damages resulting from the use or inability to use our Products, even if advised of the possibility of such damages.

5. Amendments
We may update these Terms at any time. Changes will be effective upon posting on our sales platforms. Please review regularly to stay informed.

6. Governing Law
These Terms are governed by the laws of Western Australia, Australia.

7. Contact Us
For questions, contact us directly using using the platform of your purchase. We're always happy to help!
"